"http://www.brooksbrothers.com/Sale/sale,default,sc.html"
http://www.dealmoon.com/Up-To-60-OFF-Brook-Brothers-Winter-Clearance/212245.html
"http://www.brooksbrothers.com/sale/mens/Mens_sale_category,default,sc.html"
http://www.dealnews.com/Brooks-Brothers-Winter-Sale-Up-to-50-off-clearance-items/656096.html
"http://www.brooksbrothers.com/sale/womens/Womens_sale_category,default,sc.html"
http://www.yelp.com/biz/brooks-brothers-clearance-center-garland
http://www.retailmenot.com/view/brooksbrothers.com
http://www.dealmoon.com/Up-To-80-OFF-select-Brooks-Brothers-Mens-and-Womens-Clearance-Brooks-Brothers/232750.html
http://www.youtube.com/watch?v=2sC-xI3B6dQ
http://www.mypoints.com/emp/u/coupons/BrooksBrothers
http://www.mypoints.com/emp/u/coupons/BrooksBrothers
http://www.tangeroutlet.com/brands/brooks-brothers-factory-store
http://www.jerseygardens.com/store/brooks-brothers-factory-store/1074/2138778401
http://www.simon.com/mall/sawgrass-mills/stream/brooks-brothers-summer-clearance-597770
http://www.techbargains.com/news_displayItem.cfm/181512
http://www.madisonavespy.blogspot.com/2011/07/brooks-brothers-clearance.html
"http://www.brooksbrothers.com/sale/mens/pants/0309,default,sc.html"
http://www.slickdeals.net/f/5849332-Brooks-Brothers-Winter-Clearance-Up-to-60-off-clearance-items
http://www.mallstmatthews.com/sales/summer-clearance
http://www.dealigg.com/story-Brooks-Brothers-coupons-Brooks-Brothers-Promotion-code
http://www.bkstr.com/NavigationSearchDisplay/10001-443256000-46404-1?demoKey=d&navActionType=addNewRefinement
http://www.thepromenadeshopsatsauconvalley.com/sale/summer-clearance-event/2138043484
http://www.slickdeals.net/f/6148918-Brooks-Brothers-Summer-Clearance-up-to-50-off-sale-Mens-polos-32-Dress-Shirts-39-pants-36?p=60656164
http://www.shopwellingtongreen.com/directory/brooks_brothers_346
http://www.shopshorthills.com/directory/brooks_brothers
http://www.premiumoutlets.com/outlets/sales.asp?id=79
"http://www.brooksbrothers.com/sale/mens/sport-shirts/0310,default,sc.html"
http://www.haberdashernyc.com/2013/02/15/brooks-brothers-winter-clearance-sale-feat-rancourt-co-peal-co-more
http://www.crabtree-valley-mall.com/stores/detail/id/128/brooks-brothers
http://www.simon.com/mall/st-johns-town-center/stores/brooks-brothers
http://www.yipit.com/business/brooks-brothers
"http://www.brooksbrothers.com/sale/mens/dress-shirts/0306,default,sc.html"
http://www.grandcentralpartnership.org/calendar/shopping/quick-deal-brooks-brothers-summer-clearance
http://www.thriftygent.com/blog
http://www.dealsea.com/view/brooksbrothers.com
http://www.shopwillowbend.com/directory/brooks_brothers
"http://www.brooksbrothers.com/sale/mens/suits-formalwear/0372,default,sc.html"
http://www.bkstr.com/ProductDisplay/10001-10036-10161-68232466-1?demoKey=d
http://www.bkstr.com/NavigationSearchDisplay/10001-530761000-46404-1?demoKey=d&navActionType=addNewRefinement
http://www.dappered.com/2013/07/brooks-brothers-bonobos-40-allen-edmonds-the-wednesday-handful
http://www.thriftygent.com/2011/02
"http://www.brooksbrothers.com/sale/black-fleece/mens/BF_Mens_sale_category,default,sc.html"
http://www.shopwestfarms.com/directory/brooks_brothers_b
http://www.facebook.com/BrooksBrothers/posts/570233296332563
http://www.simon.com/mall/the-mall-at-chestnut-hill/stores/brooks-brothers
http://www.hydeparkvillage.net/store/brooks-brothers/1074/2138813175
"http://www.brooksbrothers.com/sale/women/shirts-knits/0318,default,sc.html"
http://www.savings.com/m-Brooks-Brothers-coupons.html
http://www.shopnorthlake.com/directory/brooks_brothers
http://www.styleforum.net/t/243159/when-is-the-next-brooks-brothers-sale/4590
http://www.simon.com/mall/sawgrass-mills/stores/brooks-brothers-factory-store
"http://www.brooksbrothers.com/sale/mens/sport-coats/0307,default,sc.html"
http://www.bfr.com/furniture-rental/Clearance-Center
http://www.shopstamfordtowncenter.com/directory/brooks_brothers
http://www.shopcitycreekcenter.com/m/directory/brooks_brothers
http://www.shopstonypoint.com/directory/brooks_brothers_brooks_brothers_women
"http://www.brooksbrothers.com/sale/mens/polos-knits-tees/0538,default,sc.html"
http://www.simon.com/mall/lenox-square/stores/brooks%20brothers
http://www.dealspl.us/Women_deals/p_brooks-brothers-classic-womens-clothing-apparel
http://www.premiumoutlets.com/outlets/sales.asp?id=92
http://www.dealspl.us/Women_deals/p_brooks-brothers-classic-womens-clothing-apparel
"http://www.brooksbrothers.com/sale/boys/Boys_sale_category,default,sc.html"
http://www.premiumoutlets.com/outlets/sales.asp?id=92
http://www.shopwellingtongreen.com/m/directory/brooks_brothers_346
http://www.shopnbc.com/SearchM/Default.aspx?page=LIST&category=Apparel%20%26%20Accessories%7Ct330&catprop=t330&avs=IsClearance%7CClearance&sub_attr_name=Clearance&cm_re=DN-_-Apparel-_-Clearance
http://www.mallatmillenia.com/events/brooks-brothers/summer-clearance
"http://www.brooksbrothers.com/sale/women/petites/0342,default,sc.html"
http://www.dontpayfull.com/at/brooksbrothers.com
http://www.premiumoutlets.com/outlets/sales.asp?id=16
http://www3.simon.com/mall/sawgrass-mills/stores/brooks-brothers-factory-store
http://www.yelp.com/biz/brooks-brothers-factory-gilroy
http://www.boardingarea.com/pointsmilesandmartinis/2013/06/today-only-earn-10x-delta-miles-50-off-at-brooks-brothers
http://www.shopnbc.com/SearchM/Default.aspx?prop=Clearance%7C728
http://www.dealnews.com/Brooks-Brothers-Up-to-60-off-clearance-items-extra-25-off-sitewide/713067.html
http://www.premiumoutlets.com/outlets/sales.asp?id=90
http://www1.simon.com/mall/the-mall-at-chestnut-hill/stores/brooks-brothers
http://www.dealnews.com/s413/Brooks-Brothers
http://www.premiumoutlets.com/outlets/sales.asp?id=59
http://www.premiumoutlets.com/outlets/sales.asp?id=10
http://www.dealmoon.com/Up-to-50-off-Brooks-Brothers-Summer-Clearance/256390.html
http://www.simon.com/mall/the-falls/stores/brooks-brothers
http://www.dealmoon.com/Up-to-80-OFF-Select-Brooks-Brothers-Womens-Clearance-Brooks-Brothers/230860.html
http://www.marketstreet-thewoodlands.com/Explore/Tenant/Detail/6/Brooks_Brothers
http://www.bkstr.com/ProductDisplay/10001-530757-10210-68038210-1?demoKey=a
http://www.rapidrewardsshopping.southwest.com/shopping/sh___Summer%20Clearance%202013_.htm
http://www.danburyfairmall.com/Home/Retailer/125967
http://www.shopshorthills.com/m/directory/brooks_brothers
http://www.shopnbc.com/SearchM/Default.aspx?prop=Clearance%7C728&ShopAll=true
http://www.mileageplusshopping.com/me____.htm?mids=3180
http://www.dealigg.com/display_details.php?id=25
http://www.styleforum.net/t/349102/super-clearance-now-5-ties-includes-knit-ties-polo-ralph-lauren-brooks
http://www.thriftygent.com/tag/samuelsohn
http://www.simon.com/mall/the-galleria/stores/brooks-brothers
http://www.thesomersetcollection.com/directory/brooks-brothers
http://www.bargainist.com/deals/stores/brooks-brothers
http://www.dividendmilesstorefront.com/shopping/sh___Summer%20Clearance%202013_.htm
http://www.premiumoutlets.com/outlets/sales.asp?id=8
http://www.aadvantageeshopping.com/shopping/sh___Summer%20Clearance%202013_.htm
http://www.premiumoutlets.com/outlets/sales.asp?id=24
http://www.bkstr.com/NavigationSearchDisplay/10001-530757000-46404-1?demoKey=d&navActionType=addNewRefinement
