"http://www.brooksbrothers.com/Clearance/sale,default,sc.html"
http://www.brooksbrothers.com
http://www.ebay.com/sch/i.html?_nkw=brooks+brothers+outlet
http://www.outletseeker.com/store/brooks-brothers-outlet
http://www.amazon.com/s?ie=UTF8&page=1&rh=i%3Aaps%2Ck%3ABrooks%20Brothers%20Outlet
http://www.z-issue.com/wp/brooks-brothers-clearance-centre-in-garland-nc
http://www.retailmenot.com/view/brooksbrothers.com
http://www.outletlocation.com/brand/brooks-brothers-outlet.html
http://www.nextag.com/Brooks-Brothers-Outlet-Stores/stores-html
http://www.dealnews.com/Brooks-Brothers-Winter-Clearance-Up-to-60-off-clearance-items/670507.html
http://www.yelp.com/biz/brooks-brothers-clearance-center-garland
http://www.dealnews.com/Brooks-Brothers-Summer-Clearance-Sale-Up-to-50-off-select-items/591191.html
http://www.fatwallet.com/Brooks-Brothers-coupons/weekend-clearance-event-up-to-60-off
http://www.bizrate.com/perfume-and-cologne/brooks-brothers-clearance
http://www.tangeroutlet.com/brands/brooks-brothers-factory-store
http://www.mallseeker.com/brooks-brothers-outlets.aspx?state=17
http://www.brooksbrothersoutlet.net
http://www.brooksbrothersoutlet.net/contact
http://www.mallseeker.com/brooks-brothers-outlets.aspx?state=50
http://www.nextag.com/brooks-brother-outlet/compare-html#!
http://www.shopnbc.com/SearchM/Default.aspx?&prop=Apparel%20%26%20Accessories%7C277&prop=Brooks%20Brothers%7C2964&prop=Clearance%7C728&Items=&Items=&CurrentPageIndex=2
http://www.slickdeals.net/f/5849332-Brooks-Brothers-Winter-Clearance-Up-to-60-off-clearance-items
http://www.ebay.com/sch/i.html?_nkw=brooks-brothers
http://www.dealmoon.com/Up-to-70-Off-Brooks-Brothers-Clearance-Sale/192329.html
http://www.shopathome.com/coupons/brooksbrothers.com
http://www.dailybag.com/deals/112211-brooks-brothers-clearance-save-up-to-50
http://www.shopzilla.com/brooks+brothers+outlet+stores/search
http://www.askandyaboutclothes.com/forum/showthread.php?60532-Brooks-Brothers-Factory-Outlet-Stores
http://www.bbb.org/centralohio/business-reviews/outlets-stores-factory-mills/brooks-brothers-outlet-in-jeffersonville-oh-70083915
http://www.outletandstores.com/brooks-brothers
http://www.slickdeals.net/f/5459844-Brooks-Brothers-Veterans-Clearance-Sale-70-OFF
http://www.stores.ebay.com/brooksbrothers-factory
http://www.yelp.com/biz/brooks-bros-outlet-clthing-wrentham
http://www.96prices.com/Brooks%20Brothers%20Factory%20Outlet
http://www.ezinearticles.com/?Brooks-Brothers-Outlet---A-Part-of-History&id=4810612
http://www.yellowpages.com/orlando-fl/brooks-brothers-outlet
http://www.factoryoutletstores.info/outlet-stores/brooks-brothers-in-pennsylvania.html
http://www.factoryoutletstores.info/outlet-stores/brooks-brothers.html
http://www.willwork4shuz.blogspot.com/2013/04/brooks-brothers-clearance-up-to-80-off.html
http://www.buycheapr.com/us/result.jsp?ga=us3d20100520&q=brooks+brothers+outlet
http://www.96prices.com/Outlet%20Brooks%20Brothers
http://www.buycheapr.com/us/result.jsp?ga=us6&q=brooks+brothers+outlet
http://www.dappered.com/2012/04/quick-picks-brooks-brothers-online-only-clearance
http://www.outlet-locator.com/Brooks-Brothers/all-mall
http://www.shopnbc.com/SearchM/Default.aspx?&prop=Clearance|728&prop=Show|Brooks%20Brothers%20Fashion%20And%20Access%20Sale&prop=SizeDescription|16
http://www.brookssports.custhelp.com/app/answers/detail/a_id/4/~/brooks-outlet-store
http://www.youtube.com/watch?v=2sC-xI3B6dQ
http://www.couponconnector.com/details-Brooks+Brothers-coupon-191222
http://www.ebates.com/coupons/brooksbrothers.com/index.htm
http://www.dappered.com/2012/09/brooks-brothers-ff-25-off-the-clearance-section
http://www.dappered.com/2012/09/brooks-brothers-ff-25-off-the-clearance-section
http://www.youtube.com/watch?v=WquTOl4dHFo
http://www.outletandstores.com/brooks-brothers-georgia-ga
http://www.putthison.com/post/8342614262/brooks-brothers-clearance-sales-brooks-brothers
http://www.yellowpages.com/middletown-nj/brooks-brothers-outlet
http://www.jerseygardens.com/store/brooks-brothers-factory-store/1074/2138778401
http://www.top-law-schools.com/forums/viewtopic.php?f=3&t=180138
http://www.bensbargains.net/deal/up-to-60-off-in-clearance-at-brooks-brothers-296155
http://www.compare99.com/compare.html?q=brooks-brothers-outlet&ort=Brooks-Brothers-Outlet&adid=iaCkp56k1aChntSPpaOhp8nH1aRYosyfpaOhoszVkHOkotXKyKOlYLDX152Xp4fVoJiTqNSIxpmTpZ7E
http://www.askandyaboutclothes.com/forum/showthread.php?81460-Brooks-Brothers-Clearance-Items
http://www.fatwallet.com/Brooks-Brothers-coupons/brooks-brothers-up-to-70-off-veterans-day-clearance-event
http://www.facebook.com/pages/Brooks-Brothers-Outlet-Store/145368588819603
http://www.factory-outlet-stores.info/cypress/brooks-brothers-factory-store.html
http://www.mcarthurglen.com/uk/york-designer-outlet/en/the-brands/brooks-brothers
http://www.web-outlet-center.com/brooks-brothers.php
http://www.couponconnections.com/brooks-brothers-winter-clearance-60-off
http://www.outletsatcastlerock.com/store/brooks-brothers-factory-store/6512
http://www.manchesterdesigneroutlets.com/en/stores/brooks-brothers
http://www.malls-info.com/outlet/brooks_brothers.html
http://www.archive.slickdeals.net/f/2115702-Brooks-Brothers-Summer-Clearance-50-off-including-non-iron-shirts
http://www.cylex-usa.com/brooksbrothers%20com.html
http://www.compare99.com/compare.html?q=brooks-brothers-factory-outlet&ort=Brooks-Brothers-Outlets&adid=iaCkp56k1aChntSPpaOhp8nH1aRYosyfpaOhoszVkHOkotXKyKOlYKfDxqWhpdqPsqamn8bWiaRvmsLX1leVm8LUoJM%3D
http://www.outlet-locator.com/Brooks-Brothers/florida/located-in-Miromar-Outlets
http://www.tigerdroppings.com/rant/p/41272693/Brooks-Brothers-outlet-in-Gonzales.aspx
http://www.brooksrunning.com
http://www.sale-hot.com/Brooks%20Brothers%20Outlet%20Store
http://www.hugeoutletstores.com/brooks-brothers-outlet
http://www.rei.com/outlet/brand/Brooks
http://www.willwork4shuz.blogspot.com/2013/04/brooks-brothers-online-exclusive.html
http://www.printablecouponsretail.com/brooks-brothers-printable-coupons
http://www.styleforum.net/t/105817/a-different-kind-of-brooks-brothers-clearance
http://www.businessfinder.nj.com/228523/Brooks-Brothers-Outlet-Jackson-NJ
http://www.en.wikipedia.org/wiki/Brooks_Brothers
http://www.manta.com/c/mmgbnyb/brooks-brothers-inc
http://www.couponcabin.com/coupons/brooks-brothers
http://www.dealigg.com/display_details.php?id=25
http://www.premiumoutlets.com/outlets/outlet.asp?id=87
http://www.forum.dontpayfull.com/534-brooks-brothers-clearance-sale-up-50%25-off
http://www.dealighted.com/?search=brooks%2Bbrothers%2Bclearance%2Bsale%2B%252B%2Bextra%2B20%2525%2Boff
http://www.workchic.com/blog/2013/04/07/brooks-brothers-womens-workwear-sale
http://www.bargainfeeder.com/bargains/show/3221997-brooks-brothers-summer-clearance-event-up-to-50-off-select-styles-sale
http://www.shopsofgrandriver.com/store/brooks-brothers-factory-stores/6512
http://www.archive.slickdeals.net/f/711629-Brooks-Brothers-Up-to-50-off-Winter-Clearance
http://www.san-marcos-tx.cylex-usa.com/company/brooks-brothers-outlet-4512072.html
http://www.brooksbrothers-coupon.org/brooks-brothers-outlet-coupon
http://www.yelp.com.au/biz/brooks-brothers-outlet-san-marcos
http://www.yellowbook.com/profile/brooks-brothers-outlet_1626904810.html
http://www.giftrocket.com/gift-card/brooks-brothers-outlet-leesburg
http://www.tigerdroppings.com/rant/p/34916750/Brooks-Brothers-outlet-opening-up-in-Tanger.aspx
http://www.superpages.com/bp/Williamsburg-VA/Brooks-Brothers-L0130511007.htm
