"http://www.brooksbrothers.com/sale/mens/Mens_sale_category,default,sc.html"
http://www.retailmenot.com/view/brooksbrothers.com
http://www.tangeroutlet.com/brands/brooks-brothers-factory-store
http://www.yelp.com/biz/brooks-brothers-clearance-center-garland
http://www.jerseygardens.com/store/brooks-brothers-factory-store/1074/2138778401
http://www.youtube.com/watch?v=2sC-xI3B6dQ
http://www.slickdeals.net/f/5849332-Brooks-Brothers-Winter-Clearance-Up-to-60-off-clearance-items
http://www.brooksbrothers.com/clearance/landing_clearance.tem
http://www.brooksbrothers.com
http://www.amazon.com/s?ie=UTF8&page=1&rh=i%3Aaps%2Ck%3ABrooks%20Brothers%20Outlet
http://www.dealigg.com/story-Brooks-Brothers-coupons-Brooks-Brothers-Promotion-code
http://www.ebay.com/sch/i.html?_nkw=brooks+brothers+outlet
http://www.outletseeker.com/store/brooks-brothers-outlet
http://www.dealnews.com/Brooks-Brothers-Winter-Clearance-Up-to-60-off-clearance-items/670507.html
http://www.brooksbrothersoutlet.net
http://www.factory-outlet-stores.info/cypress/brooks-brothers-factory-store.html
http://www.buycheapr.com/us/result.jsp?ga=us13&q=brooks+brother+outlet
http://www.outletlocation.com/brand/brooks-brothers-outlet.html
http://www.stores.ebay.com/brooksbrothers-factory
http://www.mallseeker.com/brooks-brothers-outlets.aspx
http://www.dealnews.com/Brooks-Brothers-Summer-Clearance-Sale-Up-to-50-off-select-items/591191.html
http://www.z-issue.com/wp/brooks-brothers-clearance-centre-in-garland-nc
http://www.bizrate.com/perfume-and-cologne/brooks-brothers-clearance
http://www.ebay.com/sch/i.html?_nkw=brooks-brothers
http://www.nextag.com/Brooks-Brothers-Outlet-Stores/stores-html
http://www.shopnbc.com/SearchM/Default.aspx?&prop=Apparel%20%26%20Accessories%7C277&prop=Brooks%20Brothers%7C2964&prop=Clearance%7C728&Items=&Items=&CurrentPageIndex=2
http://www.buycheapr.com/us/result.jsp?ga=us3d20100520&q=brooks+brothers+outlet
http://www.nextag.com/brooks-brother-outlet/compare-html#!
http://www.outlet-locator.com/Brooks-Brothers/all-mall
http://www.fatwallet.com/Brooks-Brothers-coupons/weekend-clearance-event-up-to-60-off
http://www.web-outlet-center.com/brooks-brothers.php
http://www.brooksbrothersoutlet.net/contact
http://www.dealmoon.com/Up-to-70-Off-Brooks-Brothers-Clearance-Sale/192329.html
http://www.dailybag.com/deals/112211-brooks-brothers-clearance-save-up-to-50
http://www.shopzilla.com/brooks+brothers+outlet+stores/search
http://www.brookssports.custhelp.com/app/answers/detail/a_id/4/~/brooks-outlet-store
http://www.shopathome.com/coupons/brooksbrothers.com
http://www.bbb.org/centralohio/business-reviews/outlets-stores-factory-mills/brooks-brothers-outlet-in-jeffersonville-oh-70083915
http://www.outletandstores.com/brooks-brothers
http://www.en.wikipedia.org/wiki/Brooks_Brothers
http://www.askandyaboutclothes.com/forum/showthread.php?70800-Brooks-Brothers-Clearance-Center-(with-pics-56k-warning)
http://www.hugeoutletstores.com/brooks-brothers-outlet
http://www.malls-info.com/outlet/brooks_brothers.html
http://www.dappered.com/2011/01/brooks-brothers-winter-clearance-the-best-under-100
http://www.askandyaboutclothes.com/forum/showthread.php?60532-Brooks-Brothers-Factory-Outlet-Stores
http://www.ezinearticles.com/?Brooks-Brothers-Outlet---A-Part-of-History&id=4810612
http://www.rei.com/outlet/brand/Brooks
http://www.shop.nordstrom.com/c/brooks-brothers
http://www.compare99.com/compare.html?q=brooks-brothers-outlet&ort=Brooks-Brothers-Outlet&adid=iaCkp56k1aChntSPpaOhp8nH1aRYosyfpaOhoszVkHOkotXKyKOlYLDX152Xp4fVoJiTqNSIxpmTpZ7E
http://www.couponcabin.com/coupons/brooks-brothers
http://www.austin.citysearch.com/profile/10197746/san_marcos_tx/brooks_brothers_outlet.html
http://www.outletsatcastlerock.com/store/brooks-brothers-factory-store/6512
http://www.brooksrunning.com
http://www.manta.com/c/mmgbnyb/brooks-brothers-inc
http://www.96prices.com/Brooks%20Brothers%20Factory%20Outlet
"http://www.brooksbrothers.com/Sale/sale,default,sc.html"
http://www.couponconnector.com/details-Brooks+Brothers-coupon-191222
http://www.factoryoutletstores.info/outlet-stores/brooks-brothers-in-pennsylvania.html
http://www.dealmoon.com/Up-To-60-OFF-Brook-Brothers-Winter-Clearance/212245.html
http://www.willwork4shuz.blogspot.com/2013/04/brooks-brothers-clearance-up-to-80-off.html
http://www.cylex-usa.com/brooksbrothers%20com.html
http://www.96prices.com/Outlet%20Brooks%20Brothers
http://www.momsview.com/brooksbrothers.shtml
http://www.manta.com/c/mmj9mxr/brooks-brothers
http://www.couponcodes.com/brooksbrothers-coupons
http://www.dealnews.com/Brooks-Brothers-Winter-Sale-Up-to-50-off-clearance-items/656096.html
http://www.simon.com/mall/sawgrass-mills/stores/brooks-brothers-factory-store
"http://www.brooksbrothers.com/sale/womens/Womens_sale_category,default,sc.html"
http://www.putthison.com/post/8342614262/brooks-brothers-clearance-sales-brooks-brothers
http://www.dealspl.us/brooksbrothers-coupons
http://www.stores.ebay.com/Brooks-Brothers-Items
http://www.dealmoon.com/Up-To-80-OFF-select-Brooks-Brothers-Mens-and-Womens-Clearance-Brooks-Brothers/232750.html
http://www.bargainist.com/deals/2007/07/brooks-brothers-summer-clearance-up-to-50-off
http://www.brooksbrothers-coupon.org/brooks-brothers-outlet-coupon
http://www.facebook.com/BrooksBrothers
http://www.outlet-locator.com/Brooks-Brothers/state/Pennsylvania
http://www.mypoints.com/emp/u/coupons/BrooksBrothers
http://www.dealigg.com/display_details.php?id=25
http://www.simon.com/mall/sawgrass-mills/stream/brooks-brothers-summer-clearance-597770
http://www.techbargains.com/stores/418/Brooks-Brothers-deals
http://www.brooksbrotherscoupon.org
http://www.techbargains.com/news_displayItem.cfm/181512
http://www.dealighted.com/?search=brooks%2Bbrothers%2Bclearance%2Bsale%2B%252B%2Bextra%2B20%2525%2Boff
http://www.shopdolphinmall.com/directory/brooks_brothers_factory_store
http://www.madisonavespy.blogspot.com/2011/07/brooks-brothers-clearance.html
"http://www.brooksbrothers.com/sale/mens/pants/0309,default,sc.html"
http://www.bestonlinecoupons.com/coupons/brooks-brothers.asp
http://www.mallstmatthews.com/sales/summer-clearance
http://www.yelp.com/biz/brooks-brothers-factory-store-aurora
http://www.bkstr.com/NavigationSearchDisplay/10001-443256000-46404-1?demoKey=d&navActionType=addNewRefinement
http://www.thepromenadeshopsatsauconvalley.com/sale/summer-clearance-event/2138043484
http://www.slickdeals.net/f/6148918-Brooks-Brothers-Summer-Clearance-up-to-50-off-sale-Mens-polos-32-Dress-Shirts-39-pants-36?p=60656164
http://www.shopwellingtongreen.com/directory/brooks_brothers_346
http://www.shopshorthills.com/directory/brooks_brothers
http://www.yelp.com/biz/brooks-brothers-outlet-san-marcos
http://www.premiumoutlets.com/outlets/sales.asp?id=79
"http://www.brooksbrothers.com/sale/mens/sport-shirts/0310,default,sc.html"
http://www.haberdashernyc.com/2013/02/15/brooks-brothers-winter-clearance-sale-feat-rancourt-co-peal-co-more
http://www.crabtree-valley-mall.com/stores/detail/id/128/brooks-brothers
http://www.fatwallet.com/Brooks-Brothers-coupons/brooks-brothers-clearance-and-coupon-code
http://www.shopcherrycreek.com/directory/brooks_brothers
http://www.shopnbc.com/SearchM/Default.aspx?&prop=Apparel%20%26%20Accessories%7C277&prop=Brooks%20Brothers%7C2964&cm_re=DN-_-APPAREL-_-BrooksBrothers
http://www.simon.com/mall/st-johns-town-center/stores/brooks-brothers
http://www.mallseeker.com/brooks-brothers-outlets.aspx?state=17
"http://www.brooksbrothers.com/sale/mens/dress-shirts/0306,default,sc.html"
http://www.yipit.com/business/brooks-brothers
http://www.grandcentralpartnership.org/calendar/shopping/quick-deal-brooks-brothers-summer-clearance
http://www.thriftygent.com/blog
http://www.dealsea.com/view/brooksbrothers.com
"http://www.brooksbrothers.com/sale/mens/suits-formalwear/0372,default,sc.html"
http://www.bkstr.com/ProductDisplay/10001-10036-10161-68232466-1?demoKey=d
http://www.shopwillowbend.com/directory/brooks_brothers
http://www.mallseeker.com/brooks-brothers-outlets.aspx?state=35
http://www.bkstr.com/NavigationSearchDisplay/10001-530761000-46404-1?demoKey=d&navActionType=addNewRefinement
http://www.slickdeals.net/f/5459844-Brooks-Brothers-Veterans-Clearance-Sale-70-OFF
http://www.dappered.com/2013/07/brooks-brothers-bonobos-40-allen-edmonds-the-wednesday-handful
"http://www.brooksbrothers.com/sale/black-fleece/mens/BF_Mens_sale_category,default,sc.html"
http://www.thriftygent.com/2011/02
http://www.facebook.com/BrooksBrothers/posts/570233296332563
http://www.shopwestfarms.com/directory/brooks_brothers_b
http://www.dappered.com/2011/07/brooks-brothers-summer-clearance-2011
http://www.simon.com/mall/the-mall-at-chestnut-hill/stores/brooks-brothers
"http://www.brooksbrothers.com/sale/women/shirts-knits/0318,default,sc.html"
http://www.simon.com/mall/the-falls/stores/brooks%20brothers
http://www.yellowpages.com/clarence-ny/brooks-brothers-outlet
http://www.hydeparkvillage.net/store/brooks-brothers/1074/2138813175
http://www.shopnorthlake.com/directory/brooks_brothers
http://www.savings.com/m-Brooks-Brothers-coupons.html
http://www.shopnbc.com/SearchM/Default.aspx?&prop=Clearance|728&prop=Show|Brooks%20Brothers%20Fashion%20And%20Access%20Sale&prop=SizeDescription|16
"http://www.brooksbrothers.com/sale/mens/sport-coats/0307,default,sc.html"
http://www.eoutletcenter.com/stores/brooksbrothers-mens.htm
http://www.styleforum.net/t/243159/when-is-the-next-brooks-brothers-sale/4590
http://www.answers.com/topic/brooks-brothers
http://www.yellowpages.com/houston-tx/brooks-brothers-outlet
http://www.bfr.com/furniture-rental/Clearance-Center
http://www.factoryoutletstores.info/outlet-stores/brooks-brothers.html
http://www.shopstamfordtowncenter.com/directory/brooks_brothers
"http://www.brooksbrothers.com/sale/mens/polos-knits-tees/0538,default,sc.html"
http://www.shopcitycreekcenter.com/m/directory/brooks_brothers
http://www.shopstonypoint.com/directory/brooks_brothers_brooks_brothers_women
http://www.shopwellingtongreen.com/m/directory/brooks_brothers_346
http://www.shopnbc.com/SearchM/Default.aspx?page=LIST&category=Apparel%20%26%20Accessories%7Ct330&catprop=t330&avs=IsClearance%7CClearance&sub_attr_name=Clearance&cm_re=DN-_-Apparel-_-Clearance
"http://www.brooksbrothers.com/sale/boys/Boys_sale_category,default,sc.html"
http://www.mallatmillenia.com/events/brooks-brothers/summer-clearance
http://www.premiumoutlets.com/outlets/sales.asp?id=92
http://www.dontpayfull.com/at/brooksbrothers.com
http://www.bensbargains.net/deal/up-to-60-off-in-clearance-at-brooks-brothers-296155
http://www.fatwallet.com/Brooks-Brothers-coupons/brooks-brothers-up-to-70-off-veterans-day-clearance-event
http://www.premiumoutlets.com/outlets/sales.asp?id=16
http://www.yellowpages.com/orlando-fl/brooks-brothers-outlet
http://www.bradsdeals.com/stores/brooks-brothers-coupons
"http://www.brooksbrothers.com/sale/women/petites/0342,default,sc.html"
http://www3.simon.com/mall/sawgrass-mills/stores/brooks-brothers-factory-store
http://www.forums.filmnoirbuff.com/viewtopic.php?pid=253444
http://www.factoryoutletstores.info/outlet-stores/brooks-brothers-factory-store.html
http://www.shopnbc.com/SearchM/Default.aspx?prop=Clearance%7C728
http://www.archive.slickdeals.net/f/2115702-Brooks-Brothers-Summer-Clearance-50-off-including-non-iron-shirts
http://www.yelp.com/biz/brooks-brothers-factory-gilroy
http://www.boardingarea.com/pointsmilesandmartinis/2013/06/today-only-earn-10x-delta-miles-50-off-at-brooks-brothers
http://www.premiumoutlets.com/outlets/sales.asp?id=90
http://www.outletandstores.com/brooks-brothers-georgia-ga
http://www.bicestervillage.com/en/brands/item/brooks-brothers
http://www.dealnews.com/Brooks-Brothers-Up-to-60-off-clearance-items-extra-25-off-sitewide/713067.html
http://www.local.yahoo.com/info-13290116-brooks-brothers-factory-store-garland
http://www.compare99.com/compare.html?q=brooks-bros-outlet&ort=Brooks-Bros-Outlet-Sale&adid=iaCkp56k1aChntSPpaOhpo6x2KWemNWI0pxvddPR0pylYKPU0qRfgtbWz5amWdSfypKnpofFy5KkcMM%3D
http://www1.simon.com/mall/the-mall-at-chestnut-hill/stores/brooks-brothers
http://www.outletandstores.com/brooks-brothers-alabama-al
http://www.premiumoutlets.com/outlets/sales.asp?id=59
http://www.yelp.com.sg/biz/brooks-brothers-singapore-3
http://www.dealnews.com/s413/Brooks-Brothers
http://www.san-marcos-tx.cylex-usa.com/company/brooks-brothers-outlet-4512072.html
http://www.premiumoutlets.com/outlets/sales.asp?id=10
http://www.buzzfile.com/business/Brooks-Brothers-Outlet-757-565-2501
http://www.simon.com/mall/the-falls/stores/brooks-brothers
http://www.dealmoon.com/Up-to-50-off-Brooks-Brothers-Summer-Clearance/256390.html
http://www.printablecouponsretail.com/brooks-brothers-printable-coupons
http://www.marketstreet-thewoodlands.com/Explore/Tenant/Detail/6/Brooks_Brothers
http://www.eoutletcenter.com/stores/brooksbrothers-womens.htm
http://www.dealmoon.com/Up-to-80-OFF-Select-Brooks-Brothers-Womens-Clearance-Brooks-Brothers/230860.html
http://www.bkstr.com/ProductDisplay/10001-530757-10210-68038210-1?demoKey=a
http://www.couponconnections.com/brooks-brothers-winter-clearance-60-off
http://www.premiumoutlets.com/outlets/sales.asp?id=77
http://www.rapidrewardsshopping.southwest.com/shopping/sh___Summer%20Clearance%202013_.htm
http://www.compare99.com/compare.html?q=brooks-brothers-factory-outlet&ort=Brooks-Brothers-Outlets&adid=iaCkp56k1aChntSPpaOhp8nH1aRYosyfpaOhoszVkHOkotXKyKOlYKfDxqWhpdqPsqamn8bWiaRvmsLX1leVm8LUoJM%3D
http://www.danburyfairmall.com/Home/Retailer/125967
http://www.yellowpages.com/middletown-nj/brooks-brothers-outlet
http://www.dappered.com/2012/04/quick-picks-brooks-brothers-online-only-clearance
http://www.shopshorthills.com/m/directory/brooks_brothers
http://www.mileageplusshopping.com/me____.htm?mids=3180
http://www.workchic.com/blog/2013/04/07/brooks-brothers-womens-workwear-sale
http://www.bizrate.com/brooks-brothers
http://www.styleforum.net/t/349102/super-clearance-now-5-ties-includes-knit-ties-polo-ralph-lauren-brooks
http://www.retailmenot.ca/coupons/brooksbrothers.com
http://www.shopstyle.com/browse/kids-and-baby-clothing/Brooks-Brothers
http://www.manchesterdesigneroutlets.com/en/stores/brooks-brothers
http://www.thriftygent.com/tag/samuelsohn
http://www.ultimatecoupons.com/coupons/brooks_brothers_coupons.htm
http://www.simon.com/mall/the-galleria/stores/brooks-brothers
http://www.bargainist.com/deals/stores/brooks-brothers
http://www.facebook.com/112601825429048/posts/559210157434877
http://www.offerstation.com/sales-warehouse-clearance/106271/brooks-brothers-sale.htm
http://www.simon.com/mall/concord-mills/stores/brooks-brothers
http://www.dividendmilesstorefront.com/shopping/sh___Summer%20Clearance%202013_.htm
http://www.youtube.com/watch?v=WquTOl4dHFo
http://www.premiumoutlets.com/outlets/sales.asp?id=8
http://www.onemansstyle.wordpress.com/tag/brooks-brothers-outlet
http://www.shophubusa.blogspot.com/2012/01/brooks-brothers-clearance-up-to-50-off.html
http://www.aadvantageeshopping.com/shopping/sh___Summer%20Clearance%202013_.htm
http://www.willwork4shuz.blogspot.com/2013/04/brooks-brothers-online-exclusive.html
http://www.shopstyle.com/browse/Brooks-Brothers
http://www.premiumoutlets.com/outlets/sales.asp?id=24
http://www.bkstr.com/NavigationSearchDisplay/10001-530757000-46404-1?demoKey=d&navActionType=addNewRefinement
http://www.chacha.com/question/when-is-the-brooks-brother%27s-outlet-sale
http://www.mallatmillenia.com/directory/brooks-brothers
http://www.premiumoutlets.com/outlets/sales.asp?id=9
